{
  "collection": [
    {
      "winnerIndex": 1,
      "seed": 685967293727,
      "turns": 75,
      "crystalWin": true,
      "unitWin": false,
      "co_generations": [
        29.0,
        19.0,
        32.0,
        21.0,
        66.0,
        56.0,
        57.0,
        51.0,
        52.0,
        50.0,
        54.0,
        58.0,
        55.0,
        60.0,
        63.0,
        64.0,
        60.0,
        63.0,
        60.0,
        63.0,
        62.0,
        59.0,
        68.0,
        68.0,
        71.0,
        73.0,
        73.0,
        73.0,
        74.0,
        76.0,
        66.0,
        85.0,
        91.0,
        103.0,
        99.0,
        100.0,
        103.0
      ],
      "co_sumChampionHostFindGen": 2377.0,
      "co_championHostFitnesses": [
        854.6666666666666,
        289.0,
        780.6666666666666,
        3281.0,
        1003.6666666666666,
        -105.66666666666667,
        -812.1666666666666,
        1670.6666666666667,
        1368.0,
        2301.1666666666665,
        2796.0,
        4266.5,
        12572.0,
        14606.0,
        14495.0,
        15762.833333333334,
        13980.333333333334,
        16154.833333333334,
        15828.5,
        14451.5,
        14308.5,
        15427.666666666666,
        13886.833333333334,
        14912.833333333334,
        15196.5,
        15473.833333333334,
        15501.166666666666,
        16240.333333333334,
        3867.0,
        3334.6666666666665,
        1011.7,
        2596.5,
        4995.0,
        3529.6666666666665,
        2260.0,
        -680.4,
        -1665.6666666666667
      ],
      "co_sumChampionParasiteFindGen": 2377.0,
      "co_championParasiteFitnesses": [
        38.46153846153846,
        70.53571428571429,
        12.0,
        26.25,
        16.85185185185185,
        106.52173913043478,
        92.72413793103448,
        30.555555555555557,
        57.64705882352941,
        131.56521739130434,
        66.92307692307692,
        -53.91891891891892,
        -75.22727272727273,
        -322.36842105263156,
        -296.42857142857144,
        -301.4130434782609,
        -291.8181818181818,
        -341.3414634146341,
        -267.7906976744186,
        -276.3265306122449,
        -301.7391304347826,
        -309.54545454545456,
        -278.7755102040816,
        -343.5897435897436,
        -288.1111111111111,
        -352.72727272727275,
        -343.8888888888889,
        -324.2142857142857,
        -76.71428571428571,
        -74.67441860465117,
        2.2,
        -50.583333333333336,
        -75.11904761904762,
        -52.05128205128205,
        31.63157894736842,
        128.36363636363637,
        127.06666666666666
      ],
      "oe_generations": [
        2211.0,
        118.0,
        663.0,
        715.0,
        148.0,
        679.0,
        571.0,
        493.0,
        521.0,
        534.0,
        580.0,
        605.0,
        639.0,
        586.0,
        714.0,
        847.0,
        652.0,
        719.0,
        689.0,
        675.0,
        746.0,
        650.0,
        846.0,
        941.0,
        1010.0,
        1096.0,
        976.0,
        1070.0,
        1037.0,
        1056.0,
        998.0,
        1059.0,
        1504.0,
        1648.0,
        1492.0,
        1543.0,
        1375.0,
        1282.0
      ],
      "oe_sumChampionHostFindGen": 3175.0,
      "oe_championFitnesses": [
        2320.0,
        1300.0,
        1210.0,
        530.0,
        620.0,
        1385.0,
        2125.0,
        2165.0,
        2740.0,
        2589.0,
        1980.0,
        -1970.0,
        -2250.0,
        -10790.0,
        -9190.0,
        -11655.0,
        -11660.0,
        -11735.0,
        -12035.0,
        -12260.0,
        -11860.0,
        -11860.0,
        -12900.0,
        -11540.0,
        -12820.0,
        -12690.0,
        -11010.0,
        -12057.0,
        -1862.0,
        -1106.0,
        -495.0,
        1697.0,
        -2188.0,
        -2190.0,
        852.0,
        2524.0,
        5146.0,
        60000.0
      ]
    }
  ]
}
